[
  {
    "question": "What does UNESCO stand for in the context of World Heritage Sites?",
    "options": [
      "United Nations Educational, Scientific and Cultural Organization",
      "United Nations Environment and Sustainability Council",
      "United Nations Economic and Social Cooperation",
      "United Nations Expedition and Survey Coordination"
    ],
    "correctAnswer": "A"
  },
  {
    "question": "Which city is known as the 'City of Lights'?",
    "options": [
      "Paris",
      "Las Vegas",
      "Rome",
      "Barcelona"
    ],
    "correctAnswer": "A"
  },
  {
    "question": "Identify the famous landmark in Rio de Janeiro, Brazil, known for its massive statue of Jesus.",
    "options": [
      "Christ the Redeemer",
      "Sugarloaf Mountain",
      "Ipanema Beach",
      "Copacabana Beach"
    ],
    "correctAnswer": "A"
  },
  {
    "question": "What is the largest religious structure in the world, located in Cambodia?",
    "options": [
      "Angkor Wat",
      "Taj Mahal",
      "Petra",
      "Great Wall of China"
    ],
    "correctAnswer": "A"
  },
  {
    "question": "Which natural wonder is situated between the borders of Zambia and Zimbabwe in Africa?",
    "options": [
      "Victoria Falls",
      "Niagara Falls",
      "Iguazu Falls",
      "Angel Falls"
    ],
    "correctAnswer": "A"
  },
  {
    "question": "Identify the highest mountain in the world.",
    "options": [
      "Mount Everest",
      "K2",
      "Kangchenjunga",
      "Lhotse"
    ],
    "correctAnswer": "A"
  },
  {
    "question": "Which country is known as the 'Land of the Rising Sun'?",
    "options": [
      "Japan",
      "China",
      "South Korea",
      "Vietnam"
    ],
    "correctAnswer": "A"
  },
  {
    "question": "What is the famous canal that connects the Atlantic Ocean to the Pacific Ocean?",
    "options": [
      "Panama Canal",
      "Suez Canal",
      "Kiel Canal",
      "Erie Canal"
    ],
    "correctAnswer": "A"
  },
  {
    "question": "Identify the largest hot desert in the world.",
    "options": [
      "Sahara Desert",
      "Arabian Desert",
      "Gobi Desert",
      "Kalahari Desert"
    ],
    "correctAnswer": "A"
  },
  {
    "question": "Which European city is famous for its historic canals and gondolas?",
    "options": [
      "Venice",
      "Amsterdam",
      "Barcelona",
      "Florence"
    ],
    "correctAnswer": "A"
  }
]
